Summary Index,Generated Summary,Reference Summary,BERTScore Precision,BERTScore Recall,BERTScore F1,ROUGE-1 Precision,ROUGE-1 Recall,ROUGE-1 F1,ROUGE-2 Precision,ROUGE-2 Recall,ROUGE-2 F1,ROUGE-L Precision,ROUGE-L Recall,ROUGE-L F1,Generated VADER Compound,Reference VADER Compound,VADER Difference
1,"summarize: This actually happened a couple of years ago. I grew up in Germany where I went to a German secondary school that went from 5th to 13th grade (we still had 13 grades then, they have 12 now). I graduated from high school in 2008. I went to a German university where I got my degree in 2009. I went to a German university where I",confuse a 5th grade girl for a boy in front of half of her class. kids are mean. sorry sandra.**,0.7978835106,0.8296079636,0.8134365082,0.08955223881,0.3,0.1379310345,0,0,0,0.07462686567,0.25,0.1149425287,0,-0.296,0.296
2,"summarize: It was last October, but I'm feeling the fall-out from it the most today.  

After my mom died from cancer last year, I started looking for my estranged father.  I had only known him for a short time, but I knew he loved me and wanted to be with me.  He was the only father I had ever had, and I was the only child I had ever had.  He was the only father","  i found my estranged dad, thought i loved him after getting to know him, got to know him better and changed my mind.",0.8410516977,0.8816202879,0.8608582616,0.1298701299,0.4347826087,0.2,0.01315789474,0.04545454545,0.02040816327,0.09090909091,0.3043478261,0.14,-0.7096,0.7783,1.4879
3,"summarize: So I had the brilliant idea to use Veet hair removal gel as the ol' danglies were in need of a trim and I had heard that Veet leaves them smoother for longer. Well I guess thats right when the skin is very dry, but I'm not sure how long it would last. So I went to the store and bought a bottle of Veet hair removal gel and applied it to my face and neck. After a few",had my balls burned by sauron and was left deveeted.,0.8095014095,0.837172091,0.823104322,0.03703703704,0.3,0.06593406593,0,0,0,0.03703703704,0.3,0.06593406593,0.1298,0,0.1298
4,"summarize: Today I was going to have a bath after a long day of painting kids faces at a carnival. All would go well, except being the genius I am, I put in some epsom salts (I always do for my bath) and my face turned red. I had to go to the washroom to wash it off. The next day I went to the carnival again and this time I didn't put in the epsom salts. I",peppermint + bath = burning cold ladybits.,0.8059340119,0.8266069889,0.8161396384,0.01265822785,0.2,0.02380952381,0,0,0,0.01265822785,0.2,0.02380952381,0.2732,0,0.2732
5,"summarize: I haven't had a bath in practically years so, after finally moving into a house with a bath, I decide to have one. Having recently purchased a shiny new bag of weed, I thought combining the two would be a good idea. I'm not sure if it's a good idea or not, but I'm going to give it a shot. I'm not sure if it's a good idea or not, but I'm going to"," got too high and too hot in the bath, almost cooked myself like a lobster.",0.8091022968,0.8384748101,0.8235267401,0.0487804878,0.2666666667,0.0824742268,0,0,0,0.03658536585,0.2,0.0618556701,0.5894,0.3041,0.2853
6,summarize: This was like 2 and a half weeks ago maybe 3. So i left my house to meet up with my girlfriend at a spot in some sorta wood type thing near some nice houses. on my way i saw landscape of some kind and i decided to take a picture of it. i took a picture of the landscape and sent it to my girlfriend. she was very excited about it and told me that she was going to take a,i had sex with my gf in the woods and got caught by landscape workers.,0.8233619332,0.8783539534,0.8499693274,0.09638554217,0.5333333333,0.1632653061,0.01219512195,0.07142857143,0.02083333333,0.0843373494,0.4666666667,0.1428571429,0.8858,0,0.8858
7,"summarize: So, my oven is broken...and I'm out of cooking oil, but I want some french fries. So I search the internet and find that if you cover french fries with something, either napkins or another plate and microwave them, you can make french fries without oil. So I go to the grocery store and buy some napkins and a plate. I put the napkins on the plate and microwave the french fries. Voila!",tried to microwave french fries and stuck my finger into a franken-fuck of pain causing first degree burns,0.8288866282,0.8429080844,0.8358385563,0.1052631579,0.4210526316,0.1684210526,0.01333333333,0.05555555556,0.02150537634,0.06578947368,0.2631578947,0.1052631579,0.1882,-0.6486,0.8368
8,"summarize: This technically happened yesterday since it 1:30 am here, but I can't sleep because I'm worried. 

Before I start, let me set the scene. It's getting close to 6 on a mildly wet and windy day. I'm sitting at my desk in my office. I've been working on a project for the past few days, and I'm feeling pretty good about it. I'm not sure if I'm"," my truck went vroom vroom into a ditch. i tried to get it out, and it tried to kill me. after shouting ""ole!"" and getting scratched up more than a husband having sex with a kinky cougar, two rednecks helped me out of a perilous predicament. and now me, my testicles, and my truck are all safe and sound.",0.8152211308,0.8141468167,0.8146836162,0.1558441558,0.2033898305,0.1764705882,0,0,0,0.1038961039,0.1355932203,0.1176470588,0.6865,-0.4753,1.1618
9,"summarize: Earlier today, I was at the local county fair in the lovely county of Adams in Wisconsin. I was there to enjoy the fair, help out and have a wonderful day. However, later in the afternoon, I found myself in a situation where I had to leave the county fair and go to a different location. I had to make a decision on whether or not to go back to the county fair. I decided to go back to the county"," i fucked up by mistaking a heifer's want for water as a want for attention, petted it, and screwed my hand up pretty bad. mainly the middle finger.",0.8166957498,0.8280405402,0.8223290443,0.06097560976,0.1724137931,0.09009009009,0,0,0,0.06097560976,0.1724137931,0.09009009009,0.9657,-0.7351,1.7008
10,"summarize: So recently I have come down with a nasty upper respiratory infection and have been coughing a lot.  

Today, I was sitting in the cafeteria at my college when I felt a particularly big cough coming on. It was a very sharp pain in the back of my throat, and I had to take a deep breath to get it over with.  

I have a history of asthma, so I was wondering if I should be concerned about my asthma",i coughed so hard i shat my self and was happy about it.,0.8174269199,0.8397197127,0.8284233212,0.1111111111,0.6923076923,0.1914893617,0,0,0,0.08641975309,0.5384615385,0.1489361702,-0.8008,0.4279,1.2287
11,"summarize: So yeah it actually didn't happen today but about 5 years ago. I was still a virgin and kind of frustrated about it. You know how it goes ""shit i'm still a virgin...""

So I was at this party with a friend and we were having a good time. We were having a good time. We were having a good time. We were having a good time. We were having a good time. We were having a",lost my virginity on someones driveway with a girl i didn't give a shit about and peed in her mouth.,0.7998975515,0.8365514278,0.8178139925,0.125,0.4761904762,0.198019802,0.0253164557,0.1,0.0404040404,0.0625,0.2380952381,0.09900990099,0.9615,0.1591,0.8024
12,"summarize: My boss had a stroke. He was hospitalized today. While a coworker was explaining his status I had my ear buds in and was laughing hysterically like a hyena at adviceanimals. 
Tl;Dr caught laughing during a doctor's appointment. I'm not sure what to do. Should I tell my boss about it? Should I tell my coworker about it? Should I tell Dr. Tl;Dr about it? I",caught laughing during bad news,0.7904259562,0.8602253795,0.8238498569,0.04225352113,0.6,0.07894736842,0.02857142857,0.5,0.05405405405,0.04225352113,0.6,0.07894736842,0.8165,-0.0772,0.8937
13,"summarize: This happened this last weekend  we all know that ""I'm glad you came"" song right? yeah i now will forever HATE that song 

let me rewind i am 22 years old and in college my mom and dad are both in the military so i have to do a lot of housework for them and i have to take care of my younger brother who is 10 years old and i have to take care of him",i told my sister i came on my mother last night because of a song she was singing,0.817507565,0.8695643544,0.8427328467,0.1139240506,0.5,0.1855670103,0,0,0,0.06329113924,0.2777777778,0.1030927835,0.7325,0,0.7325
14,"summarize: Every day I drive to a park and ride, which is about 2 miles away from my place. Well this morning as I was leaving, I left my keys on the counter and locked the door on the way out. It's been a while since I've left my keys on the counter, so I'm not sure if I'll be able to find them when I get to the park. So I decided to go to the park and"," locked myself out of my car and condo, sharted, had to walk in the rain 2 miles to the bus. ",0.830896318,0.8530931473,0.841848433,0.1204819277,0.5,0.1941747573,0.0243902439,0.1052631579,0.0396039604,0.0843373494,0.35,0.1359223301,-0.0324,0,0.0324
15,"summarize: So, this girl in my class and I have been working on a number of projects lately and we've developed a great connection.  There seems to have been a number of signals, her calling things ""our song,"" texts for ""our song,"" emails for ""our song,"" etc.  We've been trying to figure out what it is that she's trying to tell us.  We've been trying to figure out what it is that"," like a girl, finally decided it was safe to make a move, slept with a different girl, fucked everything up",0.8066903949,0.8314641118,0.8188899159,0.07894736842,0.3,0.125,0,0,0,0.03947368421,0.15,0.0625,0.6908,0,0.6908
16,"summarize: (Technically this is more of a Three Years Ago I Fucked Up, but I digress...)

Back in the good old school days, we had Friday sport. This term, myself and a group of friends decided to join the sport. We were all very excited about it, and we all agreed that it would be a great way to spend our free time. However, things didn't go as planned, and we ended up having to cancel"," sat in my friend's lap, douchebag teacher dislocates my knee, kneecap decides to stay locked to the side until i got to the hospital, drugs then two weeks on crutches.",0.8227172494,0.809522748,0.8160666823,0.1168831169,0.2903225806,0.1666666667,0.01315789474,0.03333333333,0.01886792453,0.07792207792,0.1935483871,0.1111111111,0.9747,-0.6124,1.5871
17,"summarize: So I got a windows 7 ultimate disc and decided i should upgrade and start fresh. I decide that I will keep all my files (about 400 gigs) so I brought my laptop to school to hook up to the windows 7 ultimate disc. When I plugged in the disc, it booted up, but when I tried to connect to the network, it would not connect. I tried connecting to the network from my laptop",i wanted to upgrade my windows but didn't back up my files so now i have 400 gigs of videos and school work to redo/redownload.,0.8501279354,0.8705304861,0.8602082729,0.2105263158,0.5925925926,0.3106796117,0.02666666667,0.07692307692,0.0396039604,0.1052631579,0.2962962963,0.1553398058,0.1655,0,0.1655
18,"summarize: Okay so this morning I woke up extremely tired, looking for a way to wake my self up (I don't go back to sleep easily, so i decided to wake up instead). I chose food (what else!?)

So I went to the grocery store and bought a bunch of fruits and vegetables. I also bought a bunch of nuts and seeds. I also bought a bunch of nuts and seeds. I also bought a bunch of nuts and",woke up tired as fuck and poured juice on my cereal and liked it**,0.809558928,0.8372202516,0.8231573105,0.075,0.4285714286,0.1276595745,0.01265822785,0.07692307692,0.02173913043,0.0625,0.3571428571,0.1063829787,-0.7257,-0.5574,0.1683
19,"summarize: **WARNING!: WALL OF TEXT WHICH COULD EASILY BE VIEWED AS REALLY FUCKING BORING**

The background of the relationship is that we had met online and hadn't met yet. He lives 2000 miles away from me, and we haven't seen each other in over a year. We've been friends for a few years now, and he's been a great friend to me. He's always been"," would be that **he effectively told me i should live in a region he hates and i admire because i clearly don't understand the political climate — in so many words, we should break things off.** however, it's much deeper than that. apparently, half his family is from said region (and it's the half he dislikes, of course), and he had lived there a very brief period of time. despite all that, apparently he had never had a bad time there and no one ever did any harm to him. so i really couldn't figure out what his beef was with this place that has always seemed so charming to me.",0.8164995313,0.8189917207,0.8177437186,0.4285714286,0.2631578947,0.3260869565,0.02898550725,0.01769911504,0.02197802198,0.1857142857,0.1140350877,0.1413043478,0.6867,0.7283,0.0416
20,"summarize: I had my electronics class today and my professor gave us an assignment where we have to make something from nothing. Nothing being the broken computers and other electronics that we could find in our workroom. 

My group decided to build a robot that would be able to pick up objects from the floor and place them on a table. We had to make sure that the robot would be able to pick up and place objects of different sizes and shapes. 

",i bricked my phone by giving it shock therapy with an oscillator.**,0.8255499601,0.8500443697,0.8376181126,0.03614457831,0.25,0.06315789474,0,0,0,0.03614457831,0.25,0.06315789474,0.5932,-0.0516,0.6448
21,"summarize: I seldom go to Starbucks but today i decided i should go, well inner me decides, ""hey! Lets get a frappucino!""  I'm lactose intolerant and coffee usually upsets my stomach, but hey, it's not like I'm going to have a heart attack or anything. So I decided to go for the frappucino. The coffee was good, but the frappucino was better. I"," go to starbucks, shit myself. ",0.8005324602,0.8626166582,0.8304157853,0.04545454545,0.6,0.08450704225,0.03076923077,0.5,0.05797101449,0.04545454545,0.6,0.08450704225,0.8257,-0.5574,1.3831
22,"summarize: This was actually a few weeks ago, but over the course of my relationship with my girlfriend we have shared quite a lot of intimate texts between each other. Among those however are the rest of our texts, usually filled with sweet messages and affectionate words, but there are also a few times when we have had to deal with the fact that we are not able to communicate in a way that is comfortable for each other. We have had to deal"," accidentally backed up sexts to brother's computer, he discovered them, he now knows the things my girlfriend and i do in bed.",0.8277313709,0.860701561,0.8438946009,0.07142857143,0.2608695652,0.1121495327,0.01204819277,0.04545454545,0.01904761905,0.05952380952,0.2173913043,0.09345794393,0.9468,-0.3182,1.265
23,"summarize: Well it wasn't today but rather last night.... After a few drinks and a blunt (we are both ents), my boyfriend and I decided to ""do the dirty"" since its been a few days. We were getting really into it and we were having so much fun that we didn't want to stop. So we decided to go for a walk in the park. We walked for about an hour and a half and had a great time.",i sharted on my boyfriend during sex.,0.8173487186,0.8816319108,0.848274231,0.03703703704,0.4285714286,0.06818181818,0.0125,0.1666666667,0.02325581395,0.02469135802,0.2857142857,0.04545454545,0.8811,0,0.8811
24,"summarize: Ok so first off i would like to say its not funny till the end so prepare to be like ""o shit"" and then ""is this ever going to end"" but enjoy.
 So i was going downstairs about 2 hours ago when i heard a loud noise coming from the back of the house. I got up and went to the front door to see what was going on. When I opened the front door I saw a man in a"," i damn near killed my mom while being the ""salad ninja"" and had to explain what had happened to the paramedics while having a hitler mustache.",0.8134642839,0.8251654506,0.8192731142,0.1097560976,0.3461538462,0.1666666667,0.01234567901,0.04,0.01886792453,0.09756097561,0.3076923077,0.1481481481,0.6594,-0.802,1.4614
25,"summarize: This happened a few years back so i know its not today, but its my cake day and i do what i want. 

So i was working at a fast food restaurant working the grill. It was a particularly busy day, and i had a lot of work to do, so i decided to take a break from the grill and go for a walk around the restaurant. 

I walked around the restaurant for about an hour and a half,"," told a girl with burns on 90% of her body ""i hope you burn yourself""",0.8099222779,0.8284814358,0.8190967441,0.03703703704,0.2,0.0625,0,0,0,0.03703703704,0.2,0.0625,0.1154,0.4404,0.325
26,"summarize: After much pleading with my girlfriend I was able to convince her to have special sexy times. That's right, I was going to take my love canoe to the Grand Tetons! Not only that, but I was going to, oh my gosh, take my love canoe to the Grand Tetons! I was going to take my love canoe to the Grand Tetons! I was going to take my love canoe to the Grand Tetons!",tried to make babies in my girlfriend's eye.,0.8116798401,0.8778368831,0.8434630632,0.05263157895,0.4444444444,0.09411764706,0.01333333333,0.125,0.02409638554,0.03947368421,0.3333333333,0.07058823529,0.9916,0,0.9916
27,"summarize: I went on a road trip to visit my mom last week. It was my first time driving to NYC. My map app told me that it was a toll road so I pulled out $20 cash thinking it would be plenty to pay for the tolls. When I got to the exit, I realized that the tolls were free. I was so happy to see the free tolls, but I was also a little disappointed because I",gas to get from ga to ny round trip was around $200. tolls and citations will probably end up being over half that. so much for my idea to take a spontaneous road trip and surprise my kids with a visit to grandma's house.,0.8420475721,0.8448492289,0.8434460759,0.2151898734,0.3777777778,0.2741935484,0.01282051282,0.02272727273,0.01639344262,0.1139240506,0.2,0.1451612903,0.3094,0.2732,0.0362
28,"summarize: Okay, so I just got off work today and I had to tell this story somewhere. I work in a call center for a cable company for their tech support. Today I got a specific call about something along the lines of ""I can't connect to the internet. I'm not sure if it's my computer or my modem. I've tried everything I can think of, but it's still not working. Can you please help me?"""," tried helping someone with a problem even though it was out of my realm of support and ended up looking at multiple pages of an elderly man's porn, then had to close it out for him because he didn't know how. tifu.",0.8225967884,0.8304247856,0.82649225,0.1851851852,0.3409090909,0.24,0.0125,0.02325581395,0.0162601626,0.06172839506,0.1136363636,0.08,0.8084,0.296,0.5124
29,"summarize: Technically it was not today but last friday, hope you forgive me there. Also, forgive the bad english of a spanish speaker.

  So I´m a nervous guy,and this week, the money my parents gave me for the first time in my life, is not enough to buy a house. I have a lot of savings, but I don't have enough money to buy a house. I have a lot of savings, but I"," jumped out of a bus, walked back home and got carried back to the hospital to find out walking normally was out of the table for the next two or three months.",0.8044477701,0.7986528277,0.8015398383,0.1428571429,0.34375,0.2018348624,0.02631578947,0.06451612903,0.03738317757,0.07792207792,0.1875,0.1100917431,0.0911,0,0.0911