Generated Summary,Reference Summary,Precision,Recall,F1 Score,ROUGE-1 Precision,ROUGE-1 Recall,ROUGE-1 F1,ROUGE-2 Precision,ROUGE-2 Recall,ROUGE-2 F1,ROUGE-L Precision,ROUGE-L Recall,ROUGE-L F1,Vader Sentiment Generated,Vader Sentiment Reference,Compound Generated,Compound Reference,Vader Difference
"summarize: Ever noticed how plane seats appear to be getting smaller and smaller? With increasing numbers of people taking to the skies, some experts are questioning if having such packed out planes is putting passengers at risk. They say that the shrinking space on aeroplanes is not only uncomfortable - it's putting our health and safety in danger. More than squabbling over the arm rest, shrinking space on planes putting our health and safety in danger? This week, a U.S consumer advisory group set up by the Federal Aviation Administration (FAA) issued a warning to airlines about the dangers of having too many people on board. The group said that the number of people on board a plane should not exceed 10 percent of the plane's maximum capacity. The group also said that the number of people on board a plane should not exceed 20 percent of the plane's maximum capacity. The group also said that the number of people on board a plane should not exceed","Experts question if  packed out planes are putting passengers at risk .
U.S consumer advisory group says minimum space must be stipulated .
Safety tests conducted on planes with more leg room than airlines offer .",0.8321323395,0.873531878,0.852329731,0.1529411765,0.7647058824,0.2549019608,0.0650887574,0.3333333333,0.1089108911,0.1,0.5,0.1666666667,"{'neg': 0.089, 'neu': 0.847, 'pos': 0.064, 'compound': -0.7633}","{'neg': 0.054, 'neu': 0.874, 'pos': 0.072, 'compound': 0.1779}",-0.7633,0.1779,0.9412
"summarize: A drunk teenage boy had to be rescued by security after jumping into a lions' enclosure at a zoo in western India. Rahul Kumar, 17, clambered over the enclosure fence at the Kamla Nehru Zoological Park in Ahmedabad, and began running towards the animals, shouting he would 'kill them'. Mr Kumar explained afterwards that he was drunk and 'thought I'd stand a good chance' against the predators. Next level drunk: Intoxicated teenager Rahul Kumar, 17, clambered over the enclosure fence at the Kamla Nehru Zoological Park in Ahmedabad, and began running towards the animals, shouting he would 'kill them'. Mr Kumar explained afterwards that he was drunk and 'thought I'd stand a good chance' against the predators. Next level drunk: Intoxicated teenager Rahul Kumar, 17, clambered over the enclosure fence at the Kamla Nehru Zoological Park","Drunk teenage boy climbed into lion enclosure at zoo in west India .
Rahul Kumar, 17, ran towards animals shouting 'Today I kill a lion!'
Fortunately he fell into a moat before reaching lions and was rescued .",0.8278158307,0.8906881809,0.858101964,0.1726618705,0.6666666667,0.2742857143,0.07971014493,0.3142857143,0.1271676301,0.1510791367,0.5833333333,0.24,"{'neg': 0.133, 'neu': 0.773, 'pos': 0.094, 'compound': -0.8126}","{'neg': 0.161, 'neu': 0.739, 'pos': 0.1, 'compound': -0.5848}",-0.8126,-0.5848,0.2278
"summarize: Dougie Freedman is on the verge of agreeing a new two-year deal to remain at Nottingham Forest. Freedman has stabilised Forest since he replaced cult hero Stuart Pearce and the club's owners are pleased with the job he has done at the City Ground. Dougie Freedman is set to sign a new deal at Nottingham Forest . Freedman has impressed at the City Ground since replacing Stuart Pearce in February . They made an audacious attempt on the play-off places when Freedman was on loan at West Bromwich Albion last summer . The 26-year-old, who has scored 11 goals in 30 appearances for the club, has been a constant presence at the City Ground since he joined the club in January 2013. He has also been a key figure in the club's youth development programme and has been a regular presence at the club's training ground. He has been a constant presence at the City Ground since","Nottingham Forest are close to extending Dougie Freedman's contract .
The Forest boss took over from former manager Stuart Pearce in February .
Freedman has since lead the club to ninth in the Championship .",0.8391573429,0.8955228329,0.8664243221,0.1296296296,0.6363636364,0.2153846154,0.04968944099,0.25,0.0829015544,0.1049382716,0.5151515152,0.1743589744,"{'neg': 0.0, 'neu': 0.858, 'pos': 0.142, 'compound': 0.9657}","{'neg': 0.0, 'neu': 0.868, 'pos': 0.132, 'compound': 0.6124}",0.9657,0.6124,0.3533
"summarize: Liverpool target Neto is also wanted by PSG and clubs in Spain as Brendan Rodgers faces stiff competition to land the Fiorentina goalkeeper, according to the Brazilian's agent Stefano Castagna. The Reds were linked with a move for the 25-year-old, whose contract expires in June, earlier in the season when Simon Mignolet was dropped from the side. A January move for Neto never materialised but the former Atletico Paranaense keeper looks certain to be part of Liverpool's summer transfer plans.

Liverpool target Neto is also wanted by PSG and clubs in Spain as Brendan Rodgers faces stiff competition to land the Fiorentina goalkeeper, according to the Brazilian's agent Stefano Castagna. The Reds were linked with a move for the 25-year-old, whose contract expires in June, earlier in the season when Simon Mignolet was dropped from the side. A January move for Neto never materialised but","Fiorentina goalkeeper Neto has been linked with Liverpool and Arsenal .
Neto joined Firoentina from Brazilian outfit Atletico Paranaense in 2011 .
He is also wanted by PSG and Spanish clubs, according to his agent .
CLICK HERE for the latest Liverpool news .",0.8336197138,0.8507732153,0.8421090841,0.1699346405,0.65,0.2694300518,0.06578947368,0.2564102564,0.1047120419,0.1241830065,0.475,0.1968911917,"{'neg': 0.0, 'neu': 0.982, 'pos': 0.018, 'compound': 0.3919}","{'neg': 0.0, 'neu': 1.0, 'pos': 0.0, 'compound': 0.0}",0.3919,0,0.3919
"summarize: Bruce Jenner will break his silence in a two-hour interview with Diane Sawyer later this month. The former Olympian and reality TV star, 65, will speak in a 'far-ranging' interview with Sawyer for a special edition of '20/20' on Friday April 24, ABC News announced on Monday. The interview comes amid growing speculation about the father-of-six's transition to a woman, and follows closely behind his involvement in a deadly car crash in 2009. The 2009 crash killed his 18-year-old son, Michael, and his 17-year-old daughter, Sarah. Jenner, who has been married to his wife of 17 years, Kim, for 12 years, said he was ""absolutely devastated"" by the death of his son and daughter. He also said he was ""absolutely devastated"" by the death of his son and daughter.","Tell-all interview with the reality TV star, 69, will air on Friday April 24 .
It comes amid continuing speculation about his transition to a woman and following his involvement in a deadly car crash in February .
The interview will also be one of Diane Sawyer's first appearances on television following the sudden death of her husband last year .",0.8518979549,0.8990136385,0.8748219013,0.3071428571,0.7166666667,0.43,0.1654676259,0.3898305085,0.2323232323,0.2428571429,0.5666666667,0.34,"{'neg': 0.173, 'neu': 0.798, 'pos': 0.029, 'compound': -0.9747}","{'neg': 0.101, 'neu': 0.899, 'pos': 0.0, 'compound': -0.765}",-0.9747,-0.765,0.2097
"summarize: This is the moment that a crew of firefighters struggled to haul a giant  pig out of a garden swimming pool. The prize porker, known  as Pigwig, had fallen into the pool in an upmarket neighbourhood in Ringwood, Hampshire. His owners had been taking him for a walk around the garden when the animal plunged into the water and was unable to get out. A team from Dorset Fire and Rescue struggled to haul the huge black pig out of swimming pool water. The pig, known as Pigwig, had fallen into the pool in an upmarket neighbourhood in Ringwood, Hampshire. The prize porker, known as Pigwig, had fallen into the pool in an upmarket neighbourhood in Ringwood, Hampshire. The prize porker, known as Pigwig, had fallen into the pool in an upmarket neighbourhood in Ringwood, Hampshire. The prize porker, known as Pigwig, had fallen into the pool in an up","Giant pig fell into the swimming pool at his home in Ringwood, Hampshire .
It took the efforts of a team of firefighters to winch him out of the water .
A wayward horse also had to be rescued from a swimming pool in Sussex .",0.8302730918,0.8818779588,0.8552978635,0.2052980132,0.7209302326,0.3195876289,0.08,0.2857142857,0.125,0.119205298,0.4186046512,0.1855670103,"{'neg': 0.112, 'neu': 0.781, 'pos': 0.107, 'compound': 0.2732}","{'neg': 0.0, 'neu': 0.941, 'pos': 0.059, 'compound': 0.4215}",0.2732,0.4215,0.1483
"summarize: The amount of time people spend listening to BBC radio has dropped to its lowest level ever, the corporation’s boss has admitted. Figures show that while millions still tune in, they listen for much shorter bursts. The average listener spent just ten hours a week tuning in to BBC radio in the last three months of 2014, according to official figures. The length of time people spend listening to BBC radio has dropped to its lowest level ever, figures show . This was 10% lower than in the same period in 2013. The corporation’s boss has admitted that the drop in listening time is due to a number of factors, including a reduction in the number of listeners and a rise in the number of listeners switching to other radio channels. The corporation’s boss has admitted that the drop in listening time is due to a number of factors, including a reduction in the number of listeners and a rise in the number of listeners switching","Figures show that while millions still tune in they listen for shorter bursts .
Average listener spent ten hours a week tuning in last three months of 2014 .
This was 14% down on decade earlier, when people tuned in for 11.6 hours .
The BBC Trust has cleared the way for firms to buy their way into lifestyle programmes on the World News channel in a product placement experiment. For example, publishers could pay to have their books reviewed on Talking Books. The BBC Trust will review the scheme in a year.",0.8548270464,0.87111938,0.8628962636,0.2721893491,0.5054945055,0.3538461538,0.1369047619,0.2555555556,0.1782945736,0.2426035503,0.4505494505,0.3153846154,"{'neg': 0.066, 'neu': 0.866, 'pos': 0.068, 'compound': -0.6808}","{'neg': 0.014, 'neu': 0.904, 'pos': 0.081, 'compound': 0.765}",-0.6808,0.765,1.4458
"summarize: (CNN)So, you'd like a ""Full House"" reunion and spinoff? You got it, dude! Co-star John Stamos announced Monday night on ""Jimmy Kimmel Live"" that Netflix has ordered up a reunion special, followed by a spinoff series called ""Fuller House."" The show will feature Candace Cameron Bure, who played eldest daughter D.J. Tanner in the original series -- which aired from 1987 to 1990 -- as well as her daughter, D.J. Bure, who played youngest daughter D.J. Tanner's younger sister in the original series. The spinoff series will be based on the same premise as ""Full House"" but will have its own characters and storylines. The show will air on Netflix in the United States on March 13, 2018. The reunion special will air on Netflix in the United States on March 13,","Show will return with a one-hour special, followed by spinoff, star John Stamos says .
He announced the show Monday night on ""Jimmy Kimmel Live""",0.8268473148,0.9137376547,0.8681237102,0.1376811594,0.76,0.2331288344,0.0802919708,0.4583333333,0.1366459627,0.08695652174,0.48,0.1472392638,"{'neg': 0.0, 'neu': 0.842, 'pos': 0.158, 'compound': 0.9589}","{'neg': 0.0, 'neu': 0.899, 'pos': 0.101, 'compound': 0.4019}",0.9589,0.4019,0.557
"summarize: At 11:20pm, former world champion Ken Doherty potted a final black and extinguished, for now, the dream of Reanne Evans to become the first women player to play the hallowed baize of Sheffield's Crucible Theatre in the world snooker championship. In every other respect however, 29-year-old Evans, a single mum from Dudley, was a winner on Thursday night. She advanced the cause of women in sport no less than 10 years after the death of her mother, who died in 2007. The 2008 World Snooker Champion, who won the title at the age of 16, was the first woman to play in the Crucible Theatre in 2009, and the first woman to win the title in 2010. She is the first woman to play in the Crucible Theatre since 20","Reanne Evans faced Ken Doherty in World Championship qualifier .
Doherty won the world championship in 1997 .
Evans lost the first frame 71-15 against Doherty .
But the Dudley native fought back to lead 4-3 .
Ken Doherty, however, managed to close out an enthralling contest 10-8 .",0.8137696981,0.8263981938,0.8200352788,0.1481481481,0.4255319149,0.2197802198,0.0447761194,0.1304347826,0.06666666667,0.0962962963,0.2765957447,0.1428571429,"{'neg': 0.06, 'neu': 0.716, 'pos': 0.224, 'compound': 0.9766}","{'neg': 0.084, 'neu': 0.802, 'pos': 0.114, 'compound': 0.1655}",0.9766,0.1655,0.8111
"summarize: A gang of six men have been jailed for a total of 31 years after being convicted of a string of sexual offences against teenager girls. The offences, which ranged from inciting sexual activity with a child, to rape, happened in cars, woods or at the defendants' homes in Banbury, Oxfordshire. Oxford Crown Court heard how they lured victims to parties organised on social media and then began sexually abusing them. The men were found guilty in March and have now been jailed for a total of 31 years. The court heard how they lured victims to parties organised on social media and then began sexually abusing them. The men were found guilty in March and have now been jailed for a total of 31 years. The court heard how they lured victims to parties organised on social media and then began sexually abusing them. The men were found guilty in March and have now been jailed for a total of 31 years.","Gang have been jailed for a total of 31 years for sexually abusing children .
Offences happened in cars, woods or at the defendants' homes in Banbury .
Lured victims to parties organised on social media and then abused them .
Girls aged between 13 and 16 were exploited by the gang from 2009 to 2014 .",0.8774386048,0.9038388729,0.8904430866,0.262195122,0.8113207547,0.3963133641,0.1779141104,0.5576923077,0.2697674419,0.237804878,0.7358490566,0.3594470046,"{'neg': 0.233, 'neu': 0.726, 'pos': 0.041, 'compound': -0.9887}","{'neg': 0.246, 'neu': 0.715, 'pos': 0.039, 'compound': -0.926}",-0.9887,-0.926,0.0627
"summarize: Biting his nails nervously, these are the first pictures of the migrant boat captain accused of killing 900 men, women and children in one of the worst maritime disasters since World War Two. Tunisian skipper Mohammed Ali Malek, 27, was arrested when he stepped onto Sicilian soil last night, some 24 hours after his  boat capsized in the Mediterranean. Before leaving the Italian coastguard vessel, however, he was forced to watch a video of the sinking of the ship, which he had seen on the internet. The captain is accused of killing 900 men, women and children in one of the worst maritime disasters since World War Two. Tunisian skipper Mohammed Ali Malek, 27, was arrested when he stepped onto Sicilian soil last night, some 24 hours after his boat capsized in the Mediterranean. Before leaving the Italian coastguard vessel, however, he was","Mohammed Ali Malek, 27, has been charged with multiple manslaughter .
Arrived in Malta on Italian rescue ship with bodies of 24 migrant victims .
He was arrested alongside his 26-year-old Syrian 'smuggler accomplice'
Prosecutors say Malek crashed into ship which had come to its rescue .
Migrants then shifted position as result of collision, causing it to capsize .",0.8259904981,0.8436573148,0.8347304463,0.1458333333,0.3620689655,0.2079207921,0.04195804196,0.1052631579,0.06,0.09027777778,0.224137931,0.1287128713,"{'neg': 0.266, 'neu': 0.734, 'pos': 0.0, 'compound': -0.9933}","{'neg': 0.177, 'neu': 0.732, 'pos': 0.091, 'compound': -0.6369}",-0.9933,-0.6369,0.3564
"summarize: South Korea Ambassador Lippert is now wearing a dynamic exoskeletal brace on his hand while he recovers from last month's knife attack. Mark Lippert, 42, suffered deep gashes to his cheek and hand when he was assaulted by knife-wielding nationalist Kim Ki-Jong at a breakfast function in central Seoul last month. The envoy required 80 stitches to the wound on his face and two-and-a-half hours of surgery. Scroll down for video South Korean Ambassador Mark Lippert is now wearing a dynamic exoskeletal brace on his hand while he recovers from last month's knife attack. Mark Lippert, 42, suffered deep gashes to his cheek and hand when he was assaulted by knife-wielding nationalist Kim Ki-Jong at a breakfast function in central Seoul last month. The envoy required 80 stitches to the wound on his face and two-and-a-half hours of surgery. Lipp","Lippert, 42, suffered deep gashes to his hand when he was assaulted by knife-wielding nationalist Kim Ki-Jong in central Seoul last month .
'It is an amazing apparatus, one I haven't seen before - so innovative and creative,' he wrote on Facebook .",0.8454099298,0.8729454279,0.8589570522,0.1830065359,0.6511627907,0.2857142857,0.1447368421,0.5238095238,0.2268041237,0.1830065359,0.6511627907,0.2857142857,"{'neg': 0.117, 'neu': 0.775, 'pos': 0.108, 'compound': -0.34}","{'neg': 0.115, 'neu': 0.643, 'pos': 0.242, 'compound': 0.8077}",-0.34,0.8077,1.1477
"summarize: England captain Alastair Cook completed a much-needed century on the second morning of England's opening tour match in the West Indies. Cook resumed on 95 and reached three figures with minimal fuss before retiring out. England captain Alastair Cook completed a century on the second morning of England's opening tour match . A controlled thick edge from the first ball of the day brought him an 11th boundary of the innings and in the following over he punched the ball for two sixes to complete his century. Cook, 37, made his first century in the West Indies in 2007 and has now scored 1, 000 first-class runs in all competitions. He is the first England batsman to score 1, 000 first-class runs in the West Indies. Cook's 1, 000 first-class runs in the West Indies is the most by a batsman to score ","Alastair Cook completed his century on the second morning of action .
England captain resumed on 95 and reached three figures before retiring .
That allowed Ian Bell to arrive at the crease as tourists continued to bat .",0.8324602246,0.8799327612,0.8555384278,0.16,0.6666666667,0.2580645161,0.1140939597,0.4857142857,0.1847826087,0.1466666667,0.6111111111,0.2365591398,"{'neg': 0.0, 'neu': 0.99, 'pos': 0.01, 'compound': 0.1027}","{'neg': 0.0, 'neu': 0.964, 'pos': 0.036, 'compound': 0.1027}",0.1027,0.1027,0
"summarize: (CNN)Warren Weinstein, who appears to have been the only American citizen held hostage by al Qaeda, was accidentally killed in a U.S. drone strike in January. But it didn't have to be that way. A senior U.S. official familiar with the handling of the issue told CNN that the U.S. government made no serious effort to negotiate for the 73-year-old development expert's release, either directly to al Qaeda or through proxies in Pakistan. Another senior U. S. official told CNN that the U. S. government made no serious effort to negotiate for the 73-year-old development expert's release, either directly to al Qaeda or through proxies in Pakistan. The U. S. government made no serious effort to negotiate for the 73-year-old development expert's release, either directly to al Qaeda or through proxies in Pakistan. The U. S. government made no serious effort to negotiate for the 7","U.S. hostage Warren Weinstein is believed to have been accidentally killed in counter-terrorism strike .
Peter Bergen: U.S. should rethink hostage policy to increase chances of freeing those held .",0.8235992193,0.8766038418,0.8492753506,0.1055900621,0.5483870968,0.1770833333,0.04375,0.2333333333,0.07368421053,0.07453416149,0.3870967742,0.125,"{'neg': 0.038, 'neu': 0.927, 'pos': 0.035, 'compound': -0.3331}","{'neg': 0.212, 'neu': 0.606, 'pos': 0.182, 'compound': -0.296}",-0.3331,-0.296,0.0371
"summarize: A thief nicknamed the 'Black Widow of Facebook'  who drugged and robbed men after she lured them into bed has been arrested. Argentinian con-artist Sofia Davila posted raunchy pictures or herself online and then flirted with unsuspecting men she had contacted on the social network, suggesting they meet up for sex. But after meeting her victims, the 21-year-old from Buenos Aires, would spike their drinks and wait for them to fall unconscious. She then drugged them and took them to a hotel room where she would wait for them to fall asleep. She would then take them to a hotel room where she would wait for them to fall asleep. She would then take them to a hotel room where she would wait for them to fall asleep. She would then take them to a hotel room where she would wait for them to fall asleep. She would then take them to a hotel room where she would wait for them","Sofia Davila, 21, nicknamed the 'Black Widow of Facebook' over crimes .
Caught after going to police, claiming she was forced out her victim's flat .
She has admitted bedding and robbing 15 men after spiking their drinks .",0.8238924146,0.8842641115,0.8530113697,0.1454545455,0.6486486486,0.2376237624,0.06707317073,0.3055555556,0.11,0.09090909091,0.4054054054,0.1485148515,"{'neg': 0.05, 'neu': 0.95, 'pos': 0.0, 'compound': -0.743}","{'neg': 0.072, 'neu': 0.894, 'pos': 0.034, 'compound': -0.3818}",-0.743,-0.3818,0.3612
"summarize: As Australian Fashion Week comes to a close, a new damning report has named and shamed some of the worst clothing brands sold in Australia and their companies, for the ongoing exploitation of their overseas workers. Lowes, Industrie, Best & Less and the Just Group - which includes Just Jeans, Portmans and Dotti - were identified as some of the worst performing companies by The 2015 Australian Fashion Report. Amongst the best performers were Etiko, Audrey Blue, Lululemon and H&M. The 2015 Australian Fashion Report, published by the Australian Council of Trade Unions (ACTU) and the Australian Council of Fashion Designers of Australia (ACFDA), is the most comprehensive report of its kind to date. The 2015 report, which was released on 30 September 2015, is the first in a series of reports to be published by the ACTU and","Australian Fashion Report revealed the Australian-sold brands and companies that ignore the exploitation of their overseas workers .
Lowes, Industrie, Best & Less and the Just Group - which includes Just Jeans, Portmans and Dotti - were  some of the worst performers .
Etiko, Audrey Blue, Cotton On, H&M and Zara had some of the best scores .
75 per cent of companies don't know the source of all their fabrics and inputs .",0.8653753996,0.9077138305,0.8860391378,0.384057971,0.7571428571,0.5096153846,0.2408759124,0.4782608696,0.3203883495,0.3333333333,0.6571428571,0.4423076923,"{'neg': 0.089, 'neu': 0.823, 'pos': 0.088, 'compound': -0.0276}","{'neg': 0.078, 'neu': 0.824, 'pos': 0.099, 'compound': 0.4215}",-0.0276,0.4215,0.4491
"summarize: Arsenal's midfield trio Jack Wilshere, Mikel Arteta and Abou Diaby have all been handed starts for the club's Under 21s game on Tuesday night as they continue their respective recoveries from injury. Steve Gatting's young Gunners take on Stoke City at the Emirates Stadium in a U21 Premier League clash. Teenage winger Serge Gnabry is also in the starting line-up, alongside a host of promising youngsters including Dan Crowley. Jack Wilshere, Mikel Arteta and Abou Diaby have all been handed starts for the club's Under 21s game on Tuesday night as they continue their respective recoveries from injury. Arsenal's midfield trio Jack Wilshere, Mikel Arteta and Abou Diaby have all been handed starts for the club's Under 21s game on Tuesday night as they continue their respective recoveries from injury. Arsenal's midfield trio Jack Wilshere","Arsenal take on Stoke City in Barclays Under 21 Premier League clash .
Jack Wilshere and club captain Mikel Arteta have been out since November .
Abou Diaby has been ravaged by injuries during nine-year spell at club .
Arteta, Wilshere and Diaby are all close to first-team returns .
Young winger Serge Gnabry also in the side on return from injury .
READ: Arsenal's Alex Oxlade-Chamberlain, Calum Chambers, Jack Wilshere and Danny Welbeck keep their agents close .
CLICK HERE for all the latest Arsenal news .",0.8563153744,0.8532936573,0.8548018336,0.3402777778,0.5764705882,0.4279475983,0.1048951049,0.1785714286,0.1321585903,0.2013888889,0.3411764706,0.2532751092,"{'neg': 0.057, 'neu': 0.869, 'pos': 0.075, 'compound': 0.4019}","{'neg': 0.031, 'neu': 0.969, 'pos': 0.0, 'compound': -0.4215}",0.4019,-0.4215,0.8234
"summarize: Tragedy: Prasanna ‘Nick’ Arulchelvam died when he fell from a van while chasing a gang of thieves . A courageous shopkeeper was killed when he made a desperate attempt to stop a gang of thieves who had broken into his van in a cash and carry car park. Prasanna ‘Nick’ Arulchelvam ran and jumped through an open side door of their van, but was pushed out and hit the ground as the van was being driven away by the gang of thieves. The shopkeeper was killed when he made a desperate attempt to stop a gang of thieves who had broken into his van in a cash and carry car park. Prasanna ‘Nick’ Arulchelvam died when he fell from a van while chasing a gang of thieves. A courageous shopkeeper was killed when he made a desperate attempt to stop a gang of thieves who had broken into his van in a cash","Prasanna Arulchelvam leapt into van as it sped away but was pushed out .
His head hit the ground with a 'nasty crunch' and he died 11 days later .
A gang tried to steal cigarettes from the victim's van before he gave chase .
All three have now been jailed, including the man who pushed Mr Prasanna .",0.8349865079,0.8641375899,0.8493120074,0.1895424837,0.5178571429,0.2775119617,0.03947368421,0.1090909091,0.05797101449,0.1176470588,0.3214285714,0.1722488038,"{'neg': 0.34, 'neu': 0.627, 'pos': 0.033, 'compound': -0.9964}","{'neg': 0.251, 'neu': 0.749, 'pos': 0.0, 'compound': -0.9657}",-0.9964,-0.9657,0.0307
"summarize: (CNN)A fiery sunset greeted people in Washington Sunday. The deep reddish color caught Seattle native Tim Durkan's eye. He photographed a handful of aerial shots of the sunset warming the city's skyline and shared them on CNN iReport. The stunning sunsets were the result of raging wildfires in parts of Siberia. ""The dramatic sunsets began showing up over the weekend and had Seattle locals wondering where the amber-colored haze was originating from,"" Durken said. The fires in Siberia have been raging for more than a month. They have burned more than 1. 5 million acres of land and killed more than 1, 000 people. The fires have been fueled by the melting permafrost in the region. Durkan said he was surprised by how quickly the fires were spreading. ""I thought it was going to take a long time,"" Durkan said. ""I didn't expect it to spread so quickly.""","Smoke from massive fires in Siberia created fiery sunsets in the Pacific Northwest .
Atmospheric winds carried smoke from the wildfires across the Pacific Ocean .
Smoke particles altered wavelengths from the sun, creating a more intense color .",0.827363193,0.8496303558,0.8383488655,0.0974025974,0.4166666667,0.1578947368,0.02614379085,0.1142857143,0.04255319149,0.07142857143,0.3055555556,0.1157894737,"{'neg': 0.083, 'neu': 0.852, 'pos': 0.065, 'compound': -0.7269}","{'neg': 0.056, 'neu': 0.81, 'pos': 0.134, 'compound': 0.3384}",-0.7269,0.3384,1.0653
"summarize: Archaeologists have uncovered the complete skeleton of a 17th-century camel that was likely used in the second Ottoman-Habsburg war. They believe the camel - the first intact camel skeleton found in central Europe - may have been left in the town of Tulln for trading after the siege of Vienna in 1683. In a country where cows dominate the rural landscape, the discovery in an Austrian cellar shocked scientists. The researchers described it as a 'sunken camel' - a camel that had been buried in the ground for centuries. The skeleton was found in a cellar in Tulln, a town in the Austrian state of Carinthia. It is the first complete skeleton of a camel found in central Europe since the 1970s. It is believed to have been used in the siege of Vienna in 1683, when the Ottomans besieged the city. The skeleton was found in a","Scientists say camel was left in Tulln after the 1683 siege of Vienna .
It would have shocked residents as camels were an alien species .
'They didn't know what to feed it or whether one could eat it,' study said .
Ottoman army used camels for transportation and as riding animals .",0.8408189416,0.8488980532,0.8448391557,0.1756756757,0.52,0.2626262626,0.03401360544,0.1020408163,0.05102040816,0.1081081081,0.32,0.1616161616,"{'neg': 0.05, 'neu': 0.939, 'pos': 0.012, 'compound': -0.7096}","{'neg': 0.042, 'neu': 0.958, 'pos': 0.0, 'compound': -0.3182}",-0.7096,-0.3182,0.3914
"summarize: (CNN)Would you want a TV program about your family history to include details of a distant, long-deceased relative who had owned slaves? Seriously, who in their right mind would want to be tarnished by the sins of an ancestor you had no connection to other than a remote bloodline? I wouldn't, and neither did Ben Affleck, who lobbied producers of a PBS show, ""Finding Your Roots,"" to remove any reference to his great-great-great-grandfather, who owned slaves in the 19th century. ""Finding Your Roots"" is a show about family history, but it's not about slavery. It's not even about the Civil War. It's not even about the American Revolution. It's not even about the French Revolution. It's not even about the Spanish-American War. It's not even about World War II. It's not even about the Korean War. It's not even about the","Ben Affleck admits he asked PBS show ""Finding Your Roots"" to avoid mentioning his slave-owning ancestor .
Dean Obeidallah says the actor and the show were right to leave the detail out .",0.8150880337,0.8627732992,0.8382530212,0.127388535,0.625,0.2116402116,0.03846153846,0.1935483871,0.06417112299,0.08280254777,0.40625,0.1375661376,"{'neg': 0.161, 'neu': 0.794, 'pos': 0.045, 'compound': -0.969}","{'neg': 0.096, 'neu': 0.843, 'pos': 0.062, 'compound': -0.0516}",-0.969,-0.0516,0.9174
"summarize: Wanted: A police e-fit image of millionaire people trafficker Ermias Ghermay, who is thought to have made £72m with his accomplice Mered Medhanie from smuggling migrants in the last two years . Two millionaire people traffickers have been heard mocking the migrant boat disasters that have resulted in thousands of deaths in the Mediterranean, it has been reported. One of them, an Eritrean called Mered Medhanie, also known as The Beast, is thought to have made £72m with his accomplice Ermias Ghermay, who is thought to have made £72m with his accomplice Mered Medhanie from smuggling migrants in the last two years. Two millionaire people traffickers have been heard mocking the migrant boat disasters that have resulted in thousands of deaths in the Mediterranean, it has been reported. One of them, an Eritrean called Mered Medhanie,","Mered Medhanie and Ermias Ghermay 'have made £72m in last two years'
Medhanie heard on police wiretap mocking the fatal overcrowding of ships .
Ghermay reportedly said: 'I don't know what happened, they probably died'
Pair wanted over major smuggling ring, but are hiding in lawless Libya .",0.8398541808,0.8572005033,0.8484387398,0.1532846715,0.4468085106,0.2282608696,0.05147058824,0.152173913,0.07692307692,0.1167883212,0.3404255319,0.1739130435,"{'neg': 0.126, 'neu': 0.874, 'pos': 0.0, 'compound': -0.9571}","{'neg': 0.21, 'neu': 0.79, 'pos': 0.0, 'compound': -0.8554}",-0.9571,-0.8554,0.1017
"summarize: Princess Beatrice has been seen at the Bahrain Grand Prix, her fourth holiday in a month (pictured at the Abu Dhabi Grand Prix last November) After 11 holidays in under six months, you might have thought Princess Beatrice would be ready to put the brakes on her globetrotting. But yesterday the underemployed 26-year-old was spotted enjoying the high life in an overseas location yet again, this time at the Bahrain Grand Prix . She was in the Gulf with her father, Prince Harry, and her mother, Princess Eugenie, who are staying in the United Arab Emirates. Princess Beatrice, who was born in 1994, has been seen at the Bahrain Grand Prix, her fourth holiday in a month (pictured at the Abu Dhabi Grand Prix last November) She was spotted enjoying the high life in an overseas location yet again, this time at the Bahrain Grand Prix . She was in the Gulf with her father,","Beatrice seen watching race on terrace with the Gulf state's Crown Prince .
Marks 13th holiday since November last year, and fourth in a month .
Princess quit her job at Sony Pictures in New York before Christmas .
Despite that she is described as working full-time on her father's website .",0.8261198997,0.850679636,0.8382198811,0.1602564103,0.4901960784,0.2415458937,0.03225806452,0.1,0.0487804878,0.1025641026,0.3137254902,0.154589372,"{'neg': 0.0, 'neu': 0.774, 'pos': 0.226, 'compound': 0.9911}","{'neg': 0.0, 'neu': 0.95, 'pos': 0.05, 'compound': 0.4019}",0.9911,0.4019,0.5892
"summarize: After nearly two years of jockeying with Congress over the IRS's history of discriminating against conservative nonprofit groups, former official Lois Lerner won't be charged with a crime for defying a congressional subpoena and refusing to answer questions. U.S. Attorney Ronald Machen, on his last day in office, told House Speaker John Boehner in a seven-page letter that Lerner could wrap herself in the U.S. Constitution's Fifth Amendment, even though she offered a self-serving opening statement in the case. ""The Fifth Amendment protects the right of the people to be secure in their persons, houses, papers, and effects, against unreasonable searches and seizures,"" Machen wrote. ""It does not, however, protect the right of the people to be secure in their property, against unreasonable searches and seizures."" Lerner, 54, was arrested in 2011 after she refused to answer questions about the IRS's history of discriminating against","Justice Dept. sent 7-page letter to House Speaker John Boehner explaining why the former IRS official was allowed to plead the Fifth Amendment .
Federal prosecutor in charge of the case sent his decision to Capitol Hill on the last day before his own resignation took effect .
Lerner offered a self-serving opening statement during a 2013 hearing, but refused to take questions even though she was under subpoena .
Hearing focused on the IRS's habit of targeting conservative groups with special scrutiny based on words like 'patriots' or 'tea party' in their names .
The DOJ says she can't be prosecuted for defying the subpoena 'because she made only general claims of innocence' and offered few details .",0.8515584469,0.8605646491,0.8560378551,0.3961038961,0.5169491525,0.4485294118,0.1437908497,0.188034188,0.162962963,0.1493506494,0.1949152542,0.1691176471,"{'neg': 0.086, 'neu': 0.86, 'pos': 0.055, 'compound': -0.7177}","{'neg': 0.032, 'neu': 0.806, 'pos': 0.162, 'compound': 0.9567}",-0.7177,0.9567,1.6744
"summarize: Washington (CNN)ISIS is a problem that is ""off the charts historically"" and has sent the United States into ""uncharted territory"" when it comes to putting down the terror group, the Obama administration's point man in the fight recently told CNN. The comments, which Brett McGurk made in an exclusive interview, were some of the administration's strongest to date in describing the challenge the United States and its allies face in battling ISIS. ""This is a problem that is off the charts historically,"" McGurk told CNN. ""It's a problem that we've never seen before. It's a problem that we've never seen before. It's a problem that we've never seen before. It's a problem that we've never seen before. It's a problem that we've never seen before. It's a problem that we've never seen before. It's a problem that we've never seen before. It's a problem that","Obama's point man in ISIS fight doesn't rule out U.S. military action beyond Iraq and Syria .
Brett McGurk: Iraqi leader making progress with Sunni tribes in planned Anbar offensive .",0.7903798819,0.8520962,0.8200784922,0.07317073171,0.375,0.1224489796,0.0245398773,0.1290322581,0.0412371134,0.05487804878,0.28125,0.09183673469,"{'neg': 0.201, 'neu': 0.734, 'pos': 0.065, 'compound': -0.9712}","{'neg': 0.154, 'neu': 0.769, 'pos': 0.077, 'compound': -0.4215}",-0.9712,-0.4215,0.5497
"summarize: David Cameron has been secretly using hair dye to turn back the years Nigel Farage suggested today. In a dig at the Prime Minister, the Ukip leader said that he was ‘jealous’ of how the Tory leader has reversed the greying process while in Downing Street. After clashing at last week’s televised leaders debate, Mr Farage said he had shaken Mr Cameron’s hand and ‘complimented him on his appearance’. Scroll down for video . David Cameron - who has been secretly using hair dye to turn back the years - has been secretly using hair dye to turn back the years Nigel Farage suggested today. In a dig at the Prime Minister, the Ukip leader said that he was ‘jealous’ of how the Tory leader has reversed the greying process while in Downing Street. After clashing at last week's televised leaders debate, Mr Farage said he had shaken Mr Cameron's hand and 'complimented him on his appearance'.
","Farage claims PM has been secretly using hair dye to turn back the years .
He said: 'Any man who can reverse the greying process I’m jealous of'
The PM has been accused of visiting stylists to keep hair looking youthful .",0.8191092014,0.8636612892,0.840795517,0.1698113208,0.6585365854,0.27,0.09493670886,0.375,0.1515151515,0.1257861635,0.487804878,0.2,"{'neg': 0.016, 'neu': 0.928, 'pos': 0.056, 'compound': 0.8225}","{'neg': 0.112, 'neu': 0.839, 'pos': 0.049, 'compound': -0.4404}",0.8225,-0.4404,1.2629
"summarize: A bomb technician has used his expertise to create an Easter egg hunt for blind children - using beeping eggs. David Hyche, now a special agent at the Bureau of Alcohol, Tobacco and Firearms (ATF), developed the technology nine years ago when his four-month-old daughter turned blind. A transmitter is placed inside plastic eggs that let off a high-pitched beeping sound. Now Hyche has passed on the idea to the Alabama Institute for Deaf and Blind in Birmingham. Hyche said the idea was inspired by his own experience of being blind. ""It's a very simple idea, but it's a very effective one,"" he said. ""It's something that can be done in a very short period of time."" Hyche said the beeping eggs will be available for sale at the Alabama Institute for Deaf and Blind. He said he hopes to sell them for $10 each. Hyche said he hopes to sell them for $","Bomb expert David Hyche created the eggs when his daughter turned blind .
The children follow sound of a beeper in a plastic egg, trade it for candy .
He has now passed on the idea to Alabama Institute for Deaf and Blind .",0.8464520574,0.89648211,0.8707489967,0.2264150943,0.8780487805,0.36,0.09493670886,0.375,0.1515151515,0.1509433962,0.5853658537,0.24,"{'neg': 0.075, 'neu': 0.824, 'pos': 0.101, 'compound': 0.7535}","{'neg': 0.17, 'neu': 0.791, 'pos': 0.04, 'compound': -0.765}",0.7535,-0.765,1.5185
"summarize: A newlywed husband who was stabbed to death in a hotel room had solicited his  murderer during a Craigslist exchange for gay sex, according to new court records on Thursday. Jamyra Gallmon, 21, has been charged with first-degree murder while armed for allegedly killing David Messerschmitt, 30, on February 9 in Washington, D.C. The woman admitted to police that she set up the lawyer using a masculine-sounding email address and that she had solicited Messerschmitt to have sex with her, according to court documents. She also admitted to the murder of Messerschmitt, who was stabbed to death in a hotel room in Washington, D.C., on February 9, 2014. The woman was charged with first-degree murder while armed for allegedly killing David Messerschmitt, 30, on February 9 in Washington, D.C. The woman admitted to","David Messerschmitt, 30, who met his wife in college, had been using Craigslist to solicit men, according to an affidavit on Tuesday .
Jamyra Gallmon, 21, 'contacted victim using a masculine-sounding email address and went to hotel with the intention of robbing him'
The pair got into a struggle on February 9 and she stabbed him repeatedly in the abdomen, back and groin .
The lawyer was found dead at the upscale Washington DC hotel after being reported missing by his wife .
Gallmon made an initial appearance on the murder charge Superior Court in DC on Thursday .",0.8582401276,0.8536434174,0.8559355736,0.3642857143,0.53125,0.4322033898,0.1151079137,0.1684210526,0.1367521368,0.2071428571,0.3020833333,0.2457627119,"{'neg': 0.266, 'neu': 0.709, 'pos': 0.025, 'compound': -0.9925}","{'neg': 0.162, 'neu': 0.807, 'pos': 0.031, 'compound': -0.9325}",-0.9925,-0.9325,0.06
"summarize: Notorious mass murderer Peter Sutcliffe, who has spent three decades in jail, is to be moved to a cushy low security unit, it has been claimed . The families of victims of Yorkshire Ripper Peter Sutcliffe are furious at plans to move him from Broadmoor to a low-security Priory unit. Mass murderer Sutcliffe has spent more than three decades in Broadmoor for the savage killings of 13 women. But now, despite being one of the most notorious serial killers in the UK, he is to be moved to a low-security Priory unit. The families of victims of Yorkshire Ripper Peter Sutcliffe are furious at plans to move him from Broadmoor to a low-security Priory unit. The families of victims of Yorkshire Ripper Peter Sutcliffe are furious at plans to move him from Broadmoor to a low-security Priory unit. The families of victims of Yorkshire Ripper Peter S","Serial killer Peter Sutcliffe, 68, was jailed for life for murdering 13 women .
Held at Broadmoor since being diagnosed with paranoid schizophrenia .
He is now being considered for a move to the low-security Priory unit .",0.8571907878,0.8832984567,0.870048821,0.1589403974,0.6666666667,0.256684492,0.05333333333,0.2285714286,0.08648648649,0.119205298,0.5,0.192513369,"{'neg': 0.262, 'neu': 0.729, 'pos': 0.009, 'compound': -0.9926}","{'neg': 0.289, 'neu': 0.711, 'pos': 0.0, 'compound': -0.93}",-0.9926,-0.93,0.0626
"summarize: English essential: This laminated document announces the new ISIS nursing school and lists the language entry requirements for would-be nurses . Militants fighting for the Islamic State terror group in Syria have announced that all nurses working in areas under their control must speak English - something the NHS still hasn't introduced. Revealing plans to open a school of nursing in ISIS' de facto capital Raqqa, the extremists also disclosed the tough entry requirements for prospective medical workers. Among them are rules that applicants are no longer allowed to speak any other language other than English, and that they must pass an English language proficiency test before being allowed to apply for a nursing position.
Summary: The ISIS nursing school has been announced and the language entry requirements for would-be nurses have been listed. Militants fighting for the Islamic State terror group in Syria have announced that all nurses working in areas under their control must speak English - something the NHS still hasn't introduced. The ISIS also disclosed plans to open a","ISIS has announced that all nurses working for them must speak English .
Rule was one of the entry requirements for a new nursing school in Raqqa .
NHS has also attempted to introduce English language checks for nurses .
But despite the law being approved, a lengthy consultation process means EU-trained nurses are still being employed without English tests .",0.8334038854,0.8574754,0.8452682495,0.2342857143,0.7068965517,0.3519313305,0.0632183908,0.1929824561,0.09523809524,0.1371428571,0.4137931034,0.2060085837,"{'neg': 0.084, 'neu': 0.916, 'pos': 0.0, 'compound': -0.926}","{'neg': 0.0, 'neu': 0.942, 'pos': 0.058, 'compound': 0.5719}",-0.926,0.5719,1.4979